name,url,use,rating,aromas,Alpha Acid-low,Alpha Acid-mid,Alpha Acid-high,Beta Acid-low,Beta Acid-mid,Beta Acid-high,Co-humulone-low,Co-humulone-mid,Co-humulone-high,Total Oil-low,Total Oil-mid,Total Oil-high,Geraniol-low,Geraniol-mid,Geraniol-high,Caryophyllene-low,Caryophyllene-mid,Caryophyllene-high,B-Pinene-low,B-Pinene-mid,B-Pinene-high,Myrcene-low,Myrcene-mid,Myrcene-high,Humulene-low,Humulene-mid,Humulene-high,Linalool-low,Linalool-mid,Linalool-high,Farnesene-low,Farnesene-mid,Farnesene-high
,,,stars,,%,%,%,%,%,%,%,%,%,mL/100g,mL/100g,mL/100g,% of total oil,% of total oil,% of total oil,% of total oil,% of total oil,% of total oil,% of total oil,% of total oil,% of total oil,% of total oil,% of total oil,% of total oil,% of total oil,% of total oil,% of total oil,% of total oil,% of total oil,% of total oil,% of total oil,% of total oil,% of total oil
Ahtanum‰ã¢,https://ychhops.com/varieties/ahtanum-brand-ycr,aroma,4.125,"[u'Earthy', u'Floral', u'Citrus']",3.5,5,6.5,4,5,6,30,32,34,0.5,1.1,1.7,0.4,0.55,0.7,9,10.5,12,0.6,0.75,0.9,45,50,55,15,18.5,22,0.4,0.5,0.6,0,0.5,1
Amarilloå¨,https://ychhops.com/varieties/amarillo-brand-vgxp01,aroma,4,"[u'Floral', u'Citrus']",7,9,11,5.5,6.75,8,20,22,24,1,1.65,2.3,0.1,0.1,0.1,7,8.5,10,0.4,0.6,0.8,40,45,50,19,21.5,24,0.5,0.65,0.8,6,7.5,9
Aramis,https://ychhops.com/varieties/aramis,aroma,5,"[u'Earthy', u'Citrus', u'Spicy', u'Herbal', u'Green']",7.9,8.1,8.3,3.8,4.15,4.5,20,20.5,21,1.2,1.4,1.6,0,0,0,7.3,7.4,7.5,,,,39,40,41,20.9,21,21.1,,,,2,3,4
Blanc,https://ychhops.com/varieties/blanc,aroma,,"[u'Floral', u'Citrus', u'Fruity', u'Herbal']",9,10.5,12,4.5,5,5.5,22,24,26,1.2,1.35,1.5,0,0,0,0,1,2,,,,50,62.5,75,0,1.5,3,,,,0,0.5,1
Bobek,https://ychhops.com/varieties/bobek,aroma,3,"[u'Floral', u'Pine']",3.5,5.25,7,4,5.05,6.1,27,29,31,0.7,2.35,4,0,0,0,4,5,6,,,,30,37.5,45,13,16,19,,,,4,5.5,7
Brewers Gold,https://ychhops.com/varieties/brewers-gold-1,aroma,,"[u'Spicy', u'Fruity']",4.5,5.5,6.5,2.5,3,3.5,40,44,48,0.8,1.3,1.8,0,0,0,7,7.5,8,,,,40,45,50,29,30,31,,,,0,0.5,1
Cascade,https://ychhops.com/varieties/cascade,aroma,4.125,"[u'Floral', u'Citrus', u'Spicy']",5.5,7.25,9,6,6.75,7.5,30,32.5,35,0.8,1.65,2.5,0.2,0.2,0.2,5,7,9,0.5,0.65,0.8,45,52.5,60,14,17,20,0.3,0.45,0.6,6,7.5,9
Citraå¨,https://ychhops.com/varieties/citra-brand-hbc-394-cv,aroma,4,"[u'Citrus', u'Tropical Fruit']",11,13,15,3,3.75,4.5,20,22,24,1.5,2.25,3,0.3,0.4,0.5,5,6.5,8,0.7,0.85,1,60,65,70,7,9.5,12,0.6,0.75,0.9,0,0.5,1
Columbia,https://ychhops.com/varieties/columbia,aroma,,"[u'Earthy', u'Fruity']",5,5.5,6,3,3.5,4,39,40,41,1,1.5,2,0.2,0.2,0.2,9,10.5,12,0.6,0.7,0.8,45,50,55,15,17,19,0.2,0.35,0.5,3,4,5
Crystal,https://ychhops.com/varieties/crystal,aroma,,"[u'Earthy', u'Herbal']",3,4.5,6,6,7.25,8.5,23,24.5,26,0.8,1.55,2.3,0.4,0.55,0.7,5,8.5,12,0.4,0.7,1,30,42.5,55,20,25,30,0.6,0.8,1,0,0.5,1
Ekuanot‰ã¢,https://ychhops.com/varieties/ekuanot-brand-hbc-366-cv,aroma,4.143,"[u'Citrus', u'Tropical Fruit', u'Fruity', u'Herbal']",13,14.25,15.5,4,4.5,5,31,33.5,36,2.5,3.25,4,0.2,0.2,0.2,8,10,12,0.4,0.6,0.8,30,37.5,45,12,16,20,0.2,0.35,0.5,0,0.5,1
Falconer's Flight 7C'så¨,https://ychhops.com/varieties/falconers-flight-7cs,aroma,5,"[u'Earthy', u'Citrus', u'Spicy']",9,9.75,10.5,4.7,4.9,5.1,0,24,48,1.7,1.7,1.7,0,0,0,0,10,20,0,1,2,0,35,70,0,27.5,55,0,1,2,0,10,20
Falconer's Flightå¨,https://ychhops.com/varieties/falconers-flight,aroma,5,"[u'Floral', u'Citrus', u'Tropical Fruit']",9.5,10.75,12,4,4.5,5,20,22.5,25,1.6,3.1,4.6,0,0,0,,,,,,,,,,,,,,,,,,
Fuggle,https://ychhops.com/varieties/fuggle,aroma,5,"[u'Fruity', u'Herbal', u'Cedar']",3,4.5,6,2,2.75,3.5,25,28.5,32,0.5,0.75,1,0.1,0.2,0.3,11,13,15,0.2,0.35,0.5,15,20,25,30,35,40,0.6,0.8,1,5,6.5,8
Fuggle,https://ychhops.com/varieties/fuggle-1,aroma,4.5,[u'Earthy'],3,4.3,5.6,2,2.5,3,25,27.5,30,0.7,1.05,1.4,0,0,0,9,11,13,,,,24,26,28,33,35.5,38,,,,5,6,7
Gold,https://ychhops.com/varieties/gold,aroma,,"[u'Earthy', u'Herbal']",3.5,5,6.5,3.5,4.7,5.9,,,,1.3,1.8,2.3,0,0,0,,,,,,,38,42.5,47,,,,1.3,1.65,2,,,
Golding,https://ychhops.com/varieties/golding,aroma,3.667,"[u'Floral', u'Fruity', u'Herbal']",3,4.75,6.5,2,2.75,3.5,25,26.5,28,0.4,0.7,1,0.1,0.1,0.1,10,12.5,15,0.3,0.4,0.5,25,30,35,35,40,45,0.6,0.75,0.9,0,0.5,1
Goldings,https://ychhops.com/varieties/goldings,aroma,,"[u'Floral', u'Citrus']",4,5,6,2,2.5,3,23,25.5,28,0.7,0.85,1,0,0,0,13,14.5,16,,,,25,30,35,35,40,45,,,,0,0.5,1
Hallertau,https://ychhops.com/varieties/hallertau,aroma,5,"[u'Earthy', u'Herbal']",3.5,5,6.5,2.5,4.5,6.5,23,24.5,26,0.5,0.75,1,0.1,0.35,0.6,10,12.5,15,0.2,0.4,0.6,18,21.5,25,35,40,45,0.6,0.8,1,0,0.5,1
Hallertau Mittlefruh,https://ychhops.com/varieties/hallertau-mittlefruh,aroma,5,"[u'Floral', u'Citrus', u'Spicy']",3,4.25,5.5,3,4,5,18,23,28,0.7,1,1.3,0,0,0,14.5,14.6,14.7,,,,14,15,16,55,55.1,55.2,,,,0,0.5,1
HBC 472,https://ychhops.com/varieties/hbc-472,aroma,,"[u'Floral', u'Tropical Fruit', u'Cedar']",9,10,11,7,8,9,42,44,46,0,2.5,5,0,0.1,0.2,20,20,20,0,1,2,,,,1,1.5,2,0,0.05,0.1,,,
Hersbrucker,https://ychhops.com/varieties/hersbrucker,aroma,3,"[u'Earthy', u'Citrus']",1.5,2.75,4,2.5,4.25,6,17,21,25,0.5,0.75,1,0,0,0,8,10.5,13,,,,15,22.5,30,20,25,30,0.5,0.75,1,0,0.5,1
Huell Melon,https://ychhops.com/varieties/huell-melon,aroma,2.667,[u'Fruity'],6.9,7.2,7.5,7.3,7.6,7.9,25,27.5,30,0.7,0.8,0.9,0,0,0,5,7.5,10,,,,35,36,37,10,15,20,,,,0,0.5,1
Liberty,https://ychhops.com/varieties/liberty,aroma,,"[u'Floral', u'Citrus', u'Spicy']",4,4.75,5.5,3,3.5,4,22,23,24,1,1.4,1.8,0.1,0.2,0.3,10,12.5,15,0.1,0.2,0.3,15,20,25,35,40,45,0.6,0.8,1,0,0.5,1
Mandarina Bavaria,https://ychhops.com/varieties/mandarina-bavaria,aroma,4.2,"[u'Citrus', u'Fruity']",7,8.5,10,5,5.75,6.5,31,33,35,2.1,2.2,2.3,0,0,0,1,3,5,,,,70,71,72,5,10,15,,,,0,0.5,1
Mosaicå¨,https://ychhops.com/varieties/mosaic-brand-hbc-369-cv,aroma,4.834,"[u'Earthy', u'Floral', u'Fruity']",10.5,12.25,14,3,3.75,4.5,21,23,25,0.8,1.9,3,0.5,0.7,0.9,3,5.5,8,0.6,0.8,1,48,51.5,55,10,12.5,15,0.4,0.6,0.8,0,0.5,1
Motueka,https://ychhops.com/varieties/motueka,aroma,5,"[u'Citrus', u'Tropical Fruit']",6.5,7,7.5,5,5.25,5.5,28,29,30,0.7,0.8,0.9,0,0,0,1,2,3,,,,47,48,49,3.5,3.6,3.7,,,,12.1,12.2,12.3
Mt. Hood,https://ychhops.com/varieties/mt-hood,aroma,,"[u'Spicy', u'Herbal']",4,5.25,6.5,4.4,5.8,7.2,21,23,25,0.8,1.4,2,0.1,0.3,0.5,10,13,16,0.4,0.6,0.8,25,30,35,30,35,40,0.5,0.7,0.9,0,0.5,1
Nugget,https://ychhops.com/varieties/nugget-1,aroma,4,[u'Herbal'],11.5,12.75,14,3,4,5,22,26,30,0.9,1.1,1.3,0,0,0,7,8.5,10,,,,27,34.5,42,16,17.5,19,,,,0,0.5,1
Pacifica,https://ychhops.com/varieties/pacifica,aroma,5,"[u'Floral', u'Citrus']",5,5.5,6,5.9,6,6.1,24,25,26,0.9,1,1.1,0,0,0,16.6,16.7,16.8,,,,12,12.5,13,50.8,50.9,51,,,,0,0.5,1
Palisadeå¨,https://ychhops.com/varieties/palisade-brand-ycr-4-cv,aroma,5,"[u'Earthy', u'Floral', u'Fruity']",6.5,8.25,10,5.5,6.75,8,26,27,28,0.8,1.4,2,0.1,0.3,0.5,8,12,16,0.6,0.7,0.8,45,48.5,52,10,15,20,0.4,0.5,0.6,0,0.5,1
Perle,https://ychhops.com/varieties/german-perle,aroma,4.5,"[u'Floral', u'Spicy', u'Fruity', u'Herbal']",4,6.5,9,2.5,3.5,4.5,29,32,35,0.5,1,1.5,0,0,0,10,15,20,,,,20,27.5,35,35,45,55,,,,0,0.5,1
Riwaka,https://ychhops.com/varieties/riwaka,aroma,4.667,"[u'Citrus', u'Tropical Fruit']",4.5,5.5,6.5,4,4.5,5,31,32,33,1.4,1.5,1.6,0,0,0,3.9,4,4.1,,,,67,68,69,8.9,9,9.1,,,,0,0.5,1
Saaz,https://ychhops.com/varieties/czech-saaz,aroma,4.667,"[u'Floral', u'Citrus', u'Spicy', u'Herbal']",2.5,3.5,4.5,4,5,6,23,24.5,26,0.4,0.6,0.8,0,1,2,6,7.5,9,0.4,0.6,0.8,26,33,40,15,22.5,30,0.4,0.5,0.6,14,17,20
Santiam,https://ychhops.com/varieties/santiam,aroma,5,"[u'Floral', u'Spicy']",6,7.25,8.5,7,7.5,8,22,23,24,1,1.6,2.2,0,0.15,0.3,6,7.5,9,0.2,0.3,0.4,15,20,25,20,25,30,0.8,1,1.2,14,16,18
Saphir,https://ychhops.com/varieties/saphir,aroma,5,"[u'Floral', u'Citrus', u'Spicy', u'Fruity']",2,3,4,4,5.5,7,12,14.5,17,0.8,1.1,1.4,0,0,0,9,11.5,14,,,,25,32.5,40,20,25,30,,,,0,0.5,1
Savinjski Golding,https://ychhops.com/varieties/savinjski-golding,aroma,,"[u'Earthy', u'Floral', u'Spicy']",4.5,5.25,6,2.5,3,3.5,25,27.5,30,0.5,0.75,1,0,0,0,9,10,11,,,,27,30,33,34,36,38,,,,2,3.5,5
Select,https://ychhops.com/varieties/select,aroma,,"[u'Grassy', u'Spicy']",3,4.75,6.5,2.4,3.7,5,21,24,27,0.6,0.75,0.9,0,0,0,4,7,10,,,,20,30,40,10,16,22,1,1.25,1.5,15,18.5,22
Spalt,https://ychhops.com/varieties/spalt,aroma,,"[u'Earthy', u'Herbal']",2.5,4,5.5,3,4,5,22,25.5,29,0.5,0.7,0.9,0,0,0,8,10.5,13,,,,20,27.5,35,20,25,30,0.5,0.65,0.8,12,15,18
Sterling,https://ychhops.com/varieties/sterling,aroma,,"[u'Floral', u'Citrus', u'Spicy', u'Herbal']",5.5,7,8.5,4.5,5.25,6,22,24.5,27,1,1.5,2,0.2,0.2,0.2,5,6.5,8,0.3,0.45,0.6,35,40,45,16,17,18,0.6,0.75,0.9,15,17,19
StrisselSpalt,https://ychhops.com/varieties/strisselspalt,aroma,,"[u'Earthy', u'Grassy', u'Citrus', u'Spicy', u'Herbal']",1.8,2.15,2.5,4,4.35,4.7,20,21.5,23,0.6,0.7,0.8,0,0,0,8,9,10,,,,35,43.5,52,13,17,21,,,,0,0.5,1
Summer,https://ychhops.com/varieties/summer,aroma,4.667,"[u'Stone Fruit', u'Tropical Fruit', u'Fruity']",5.6,6,6.4,4.8,5.45,6.1,20,22.5,25,1.4,1.7,2,0,0,0,8,9.5,11,,,,29,33.5,38,28,39,50,0.2,0.4,0.6,0,0.5,1
Sussex,https://ychhops.com/varieties/sussex,aroma,,"[u'Earthy', u'Grassy', u'Citrus', u'Herbal']",4.3,5.05,5.8,2.4,2.8,3.2,32,37.5,43,0.4,0.5,0.6,0,0,0,,,,,,,42,42,42,23,23,23,,,,0,0.5,1
Sylva,https://ychhops.com/varieties/sylvia,aroma,,"[u'Earthy', u'Floral', u'Herbal']",5.6,6.45,7.3,3,3.8,4.6,20,22.5,25,1,1.2,1.4,0,0,0,5,6.5,8,,,,26,31,36,18,22.5,27,,,,25,25,25
Tahoma,https://ychhops.com/varieties/tahoma,aroma,4.5,"[u'Floral', u'Citrus', u'Pine', u'Cedar']",6,6.75,7.5,7,7.5,8,15,16,17,1.5,1.75,2,0.1,0.1,0.1,3,4,5,0.8,1,1.2,55,60,65,8,10,12,0.4,0.6,0.8,0,0.5,1
Tettnang,https://ychhops.com/varieties/tettnang,aroma,,"[u'Earthy', u'Herbal']",4,5,6,2.5,3.25,4,25,26.5,28,0.4,0.7,1,0.2,0.3,0.4,10,12,14,0.3,0.4,0.5,30,35,40,25,27.5,30,0.6,0.7,0.8,5,6.5,8
Tettnang,https://ychhops.com/varieties/tettnang-1,aroma,,"[u'Spicy', u'Herbal']",3,4.5,6,3,4,5,22,25.5,29,0.5,0.7,0.9,0,0,0,6,8.5,11,,,,20,27.5,35,20,25,30,0.4,0.65,0.9,16,20,24
Tradition,https://ychhops.com/varieties/tradition,aroma,,"[u'Floral', u'Fruity', u'Herbal']",4,5.5,7,3,4.5,6,24,27,30,0.5,0.75,1,0,0,0,10,12.5,15,,,,17,24.5,32,35,42.5,50,,,,0,0.5,1
Triplepearl,https://ychhops.com/varieties/triplepearl,aroma,5,"[u'Citrus', u'Spicy', u'Tropical Fruit', u'Pine']",10.3,10.75,11.2,3.3,3.75,4.2,,,,1.1,1.45,1.8,0,0,0,3,4,5,,,,,,,7,9,11,,,,,,
Triskel,https://ychhops.com/varieties/triskel,aroma,,"[u'Floral', u'Citrus', u'Spicy', u'Herbal']",8,8.5,9,4,4.35,4.7,20,21.5,23,1.5,1.75,2,0,0,0,6,6.1,6.2,,,,59,60,61,13.4,13.5,13.6,,,,0,0.5,1
Ultra,https://ychhops.com/varieties/ultra,aroma,4,"[u'Floral', u'Spicy']",9.2,9.45,9.7,3.8,3.9,4,23,30.5,38,1,1.25,1.5,0.1,0.3,0.5,6,7.5,9,0.6,0.8,1,50,55,60,10,12.5,15,1,1.25,1.5,0,0.5,1
Vanguard,https://ychhops.com/varieties/vanguard,aroma,5,[u'Cedar'],4.5,5.5,6.5,5.5,6.25,7,18,19,20,0.5,0.75,1,0.1,0.15,0.2,13,15,17,0.1,0.35,0.6,5,10,15,49,52,55,0.2,0.3,0.4,0,0.5,1
Wai-Iti,https://ychhops.com/varieties/wai-iti,aroma,4,"[u'Citrus', u'Stone Fruit', u'Spicy', u'Fruity']",2.5,3,3.5,4.5,5,5.5,22,23,24,1.6,1.6,1.6,0,0,0,8.9,9,9.1,,,,3,3,3,27.9,28,28.1,,,,12.9,13,13.1
Whitbread Golding,https://ychhops.com/varieties/whitbread-golding,aroma,1,"[u'Earthy', u'Floral', u'Fruity']",5.4,6.55,7.7,2,2.65,3.3,32,37.5,43,0.8,1,1.2,0,0,0,11,13,15,,,,19,23,27,35,38.5,42,,,,1,1.5,2
Willamette,https://ychhops.com/varieties/willamette,aroma,4.5,"[u'Floral', u'Fruity', u'Herbal']",4.5,5.5,6.5,3,3.75,4.5,28,30,32,0.6,1.1,1.6,0.1,0.2,0.3,12,13,14,0.3,0.4,0.5,22,27,32,31,33,35,0.4,0.55,0.7,7,8.5,10
Yakima Gold,https://ychhops.com/varieties/yakima-gold,aroma,,"[u'Floral', u'Citrus', u'Spicy']",7,7.5,8,3.5,4,4.5,21,22,23,0.5,1,1.5,0,0.1,0.2,5,7,9,0.2,0.4,0.6,35,40,45,18,21,24,0.1,0.3,0.5,8,10,12
Zythoså¨,https://ychhops.com/varieties/zythos,aroma,4,"[u'Citrus', u'Tropical Fruit']",10,11.25,12.5,4.7,5.45,6.2,28,29.5,31,0.7,0.95,1.2,0,0,0,,,,,,,,,,,,,,,,,,
Admiral,https://ychhops.com/varieties/admiral,bittering,4.667,"[u'Citrus', u'Herbal']",13,14.5,16,4,5,6,37,41,45,1,1.35,1.7,0,0,0,6,7,8,,,,39,43.5,48,23,24.5,26,,,,0,1,2
Bravo,https://ychhops.com/varieties/bravo,bittering,5,"[u'Floral', u'Fruity']",15,16.5,18,3.5,4.5,5.5,28,31.5,35,2.3,2.9,3.5,0.7,0.8,0.9,6,7,8,0.8,0.9,1,55,57.5,60,8,9.5,11,0.4,0.5,0.6,0,0.5,1
Brewers Gold,https://ychhops.com/varieties/brewers-gold,bittering,,"[u'Spicy', u'Fruity']",8,9.5,11,4,5.25,6.5,40,44,48,1.5,2.25,3,1,1,1,8,10,12,0.6,0.75,0.9,45,52.5,60,12,15,18,0.5,0.65,0.8,0,0.5,1
Bullion,https://ychhops.com/varieties/bullion,bittering,,"[u'Spicy', u'Fruity']",8.1,8.15,8.2,4.1,4.35,4.6,38,39,40,1,1.5,2,0.1,0.1,0.1,9,11.5,14,0.6,0.7,0.8,40,47.5,55,15,20,25,0.5,0.65,0.8,0,0.5,1
Chelan,https://ychhops.com/varieties/chelan,bittering,,"[u'Citrus', u'Stone Fruit', u'Fruity']",12,13.25,14.5,8.5,9.15,9.8,33,34,35,1.5,1.7,1.9,0,0,0,9,10.5,12,,,,45,50,55,12,13.5,15,,,,0,0.5,1
Columbus,https://ychhops.com/varieties/columbus,bittering,3.333,"[u'Earthy', u'Citrus', u'Spicy']",14.5,16,17.5,4.5,5.25,6,28,29,30,2.5,3.5,4.5,0.2,0.35,0.5,6,8,10,0.6,0.8,1,45,50,55,9,11.5,14,0.4,0.5,0.6,0,0.5,1
Comet,https://ychhops.com/varieties/comet,bittering,3.143,"[u'Grassy', u'Citrus']",8,9.25,10.5,4,4.5,5,34,35.5,37,1.2,1.6,2,0.2,0.55,0.9,10,12.5,15,0.8,0.95,1.1,40,47.5,55,1,1.5,2,0.5,0.65,0.8,0,0.5,1
Galena,https://ychhops.com/varieties/galena,bittering,3.333,"[u'Citrus', u'Spicy', u'Fruity']",13,14,15,7.5,8,8.5,34,36.5,39,1.3,1.7,2.1,0.5,0.65,0.8,5,7,9,0.4,0.55,0.7,40,45,50,11,14,17,0.1,0.2,0.3,0,0.5,1
HBC 682,https://ychhops.com/varieties/hbc-682,bittering,,"[u'Earthy', u'Spicy', u'Herbal']",18,19.5,21,4.5,5,5.5,30,31,32,1,1.5,2,2,2,2,4.5,5,5.5,,,,48,50,52,13,14,15,0.5,0.65,0.8,,,
Herkules,https://ychhops.com/varieties/herkules,bittering,,"[u'Citrus', u'Fruity']",12,14.5,17,4,4.75,5.5,32,35,38,1.6,2,2.4,0,0,0,7,9.5,12,,,,30,40,50,30,37.5,45,,,,0,0.5,1
Magnum,https://ychhops.com/varieties/magnum,bittering,3.333,[],12,13.75,15.5,5.5,6.75,8,23,25.5,28,2,2.5,3,0.3,0.45,0.6,7,9.5,12,0.4,0.6,0.8,30,35,40,25,27.5,30,0.4,0.55,0.7,0,0.5,1
Magnum,https://ychhops.com/varieties/magnum-1,bittering,5,"[u'Spicy', u'Fruity']",11,13.5,16,5,6,7,21,25,29,1.6,2.1,2.6,0,0,0,8,10,12,,,,30,37.5,45,30,37.5,45,0.2,0.25,0.3,0,0.5,1
Millennium,https://ychhops.com/varieties/millennium,bittering,,"[u'Floral', u'Fruity', u'Herbal']",15.5,17,18.5,5,5.75,6.5,29,32,35,1.5,2.25,3,0.1,0.1,0.1,8,9,10,0.4,0.6,0.8,35,45,55,15,20,25,0.3,0.45,0.6,0,0.5,1
Newport,https://ychhops.com/varieties/newport,bittering,4,"[u'Earthy', u'Citrus']",10,11.25,12.5,5.5,6,6.5,36,37,38,1.6,2.05,2.5,0.2,0.2,0.2,7,9,11,0.6,0.75,0.9,45,50,55,15,17.5,20,0.3,0.5,0.7,0,0.5,1
Nugget,https://ychhops.com/varieties/nugget,bittering,4,"[u'Earthy', u'Herbal']",13.5,14.75,16,4.4,4.95,5.5,22,24,26,1,2,3,0.1,0.1,0.1,9,10,11,0.4,0.6,0.8,40,45,50,18,20,22,0.8,0.9,1,0,0.5,1
Olympic,https://ychhops.com/varieties/olympic,bittering,,"[u'Citrus', u'Spicy']",11.5,12.5,13.5,5,5.25,5.5,30,31,32,1,1.5,2,0.6,0.8,1,7,9.5,12,0.6,0.8,1,45,50,55,9,11,13,0.4,0.55,0.7,0,0.5,1
Pacific Gem,https://ychhops.com/varieties/pacific-gem,bittering,5,"[u'Earthy', u'Floral', u'Spicy', u'Fruity']",13,14,15,7,8,9,36,37,38,1.1,1.2,1.3,0,0,0,10,11,12,,,,32,33,34,29.8,29.9,30,,,,0,0.5,1
Pride of Ringwood,https://ychhops.com/varieties/pride-of-ringwood,bittering,5,[u'Herbal'],8.6,9.55,10.5,4.4,5.7,7,26,30,34,1.6,1.7,1.8,0,0,0,9,11.5,14,,,,24,32.5,41,2,3,4,,,,0,0.5,1
Summit‰ã¢,https://ychhops.com/varieties/summit,bittering,4,"[u'Citrus', u'Spicy', u'Herbal']",15,16,17,5,5.75,6.5,29,30.5,32,1.5,2.25,3,0.1,0.35,0.6,12,14,16,0.3,0.45,0.6,30,35,40,18,20,22,0.2,0.3,0.4,0,0.5,1
Super Pride,https://ychhops.com/varieties/superpride,bittering,,[u'Pine'],12.5,14.4,16.3,6,7,8,26,27.5,29,3.4,3.7,4,0,0,0,5,7,9,,,,34,38,42,1,1.5,2,,,,0,0.5,1
Tomahawkå¨,https://ychhops.com/varieties/tomahawk-brand-f10-cv,bittering,,"[u'Citrus', u'Spicy', u'Herbal']",15,16.25,17.5,4.5,5.25,6,28,29,30,2.5,3.5,4.5,0.2,0.2,0.2,6,8,10,0.6,0.8,1,45,50,55,9,11.5,14,0.4,0.5,0.6,0,0.5,1
Warriorå¨,https://ychhops.com/varieties/warrior-brand-ycr-5-cv,bittering,5,"[u'Pine', u'Herbal']",15.5,16.75,18,4.4,5.2,6,25,26.5,28,1,1.75,2.5,0.4,0.6,0.8,11,12.5,14,0.5,0.6,0.7,40,45,50,15,16.5,18,0.4,0.55,0.7,0,0.5,1
Zeus,https://ychhops.com/varieties/zeus,bittering,5,"[u'Spicy', u'Herbal']",14.5,16,17.5,4,4.75,5.5,26,28.5,31,2.5,3.5,4.5,0.2,0.35,0.5,6,8,10,0.6,0.8,1,45,50,55,9,11.5,14,0.4,0.5,0.6,0,0.5,1
Aurora,https://ychhops.com/varieties/aurora,dual-purpose,5,"[u'Earthy', u'Herbal']",7,10,13,2.7,3.55,4.4,20,23,26,0.9,1.25,1.6,0,0,0,6,7.5,9,,,,20,22.5,25,20,22.5,25,,,,5,7.5,10
Bitter Gold,https://ychhops.com/varieties/bitter-gold,dual-purpose,,"[u'Grassy', u'Stone Fruit', u'Tropical Fruit']",12,13.25,14.5,4.5,5.25,6,36,38.5,41,1,1.5,2,0.1,0.1,0.1,7,9,11,0.6,0.75,0.9,45,50,55,10,14,18,0.4,0.55,0.7,0,0.5,1
Boadicea,https://ychhops.com/varieties/boadicea,dual-purpose,5,"[u'Floral', u'Fruity']",7.5,8.75,10,3.2,3.7,4.2,23,26,29,1.4,1.8,2.2,0,0,0,15,17,19,,,,30,35,40,19.9,20,20.1,,,,0,2.5,5
Bramling Cross,https://ychhops.com/varieties/bramling-cross,dual-purpose,5,"[u'Spicy', u'Fruity']",5,6,7,2.3,2.75,3.2,33,34,35,0.7,0.85,1,0,0,0,14.9,15,15.1,,,,35,36,37,29.9,30,30.1,,,,0,0.5,1
Celeia,https://ychhops.com/varieties/celeia,dual-purpose,,"[u'Earthy', u'Herbal']",3,4.5,6,2,2.65,3.3,26,27.5,29,0.6,2.1,3.6,0,0,0,8,8.5,9,,,,26,30.5,35,18,20.5,23,,,,3,5,7
Centennial,https://ychhops.com/varieties/centennial,dual-purpose,4.333,"[u'Floral', u'Citrus']",7,9.5,12,3.5,4.5,5.5,23,25,27,1,2,3,1.2,1.5,1.8,5,6,7,0.8,0.9,1,55,60,65,10,15,20,0.6,0.75,0.9,0,0.5,1
Challenger,https://ychhops.com/varieties/challenger,dual-purpose,5,"[u'Fruity', u'Herbal', u'Cedar']",6.5,7.5,8.5,4,4.25,4.5,20,22.5,25,1,1.35,1.7,0,0,0,9.5,9.5,9.5,,,,30,36,42,25,25,25,,,,0,0.5,1
Chinook,https://ychhops.com/varieties/chinook,dual-purpose,4.1,"[u'Citrus', u'Spicy', u'Pine']",11.5,13.25,15,3,3.5,4,27,29,31,1,1.75,2.5,0.7,0.85,1,9,10,11,0.3,0.4,0.5,20,25,30,18,21,24,0.3,0.4,0.5,0,0.5,1
Cluster,https://ychhops.com/varieties/cluster,dual-purpose,4.5,"[u'Earthy', u'Floral', u'Fruity']",6,7.5,9,4,5,6,36,38.5,41,0.5,0.75,1,0.6,0.75,0.9,8,9,10,0.5,0.6,0.7,38,42,46,15,17.5,20,0.4,0.6,0.8,0,0.5,1
Dr. Rudi,https://ychhops.com/varieties/dr-rudi,dual-purpose,3.5,"[u'Pine', u'Herbal']",10,11,12,7,7.75,8.5,33,34.5,36,1.3,1.3,1.3,0,0,0,10.1,10.1,10.1,,,,29,29.5,30,33.2,33.2,33.2,,,,0,0.5,1
East Kent Golding,https://ychhops.com/varieties/east-kent-golding,dual-purpose,5,"[u'Citrus', u'Spicy']",4.5,5.5,6.5,1.9,2.35,2.8,28,30,32,0.4,0.6,0.8,0,0,0,12,14,16,,,,29,30,31,38,41,44,,,,0,0.5,1
Ella,https://ychhops.com/varieties/ella,dual-purpose,4.667,"[u'Floral', u'Spicy']",13.3,14.8,16.3,4.8,6.3,7.8,34,36,38,2.4,2.9,3.4,0,0,0,12,15,18,,,,40,45,50,16,19,22,,,,0,0.5,1
First Gold,https://ychhops.com/varieties/first-gold,dual-purpose,,"[u'Floral', u'Citrus', u'Stone Fruit', u'Fruity']",5.6,7.45,9.3,2.3,3.2,4.1,32,33,34,0.7,1.1,1.5,0,0,0,6,6.5,7,,,,24,25.5,27,20,22,24,,,,2,3,4
Galaxy,https://ychhops.com/varieties/galaxy,dual-purpose,4,[u'Fruity'],11.6,13.8,16,5,5.95,6.9,32,37,42,3,4,5,0,0,0,7,8,9,,,,33,51,69,1,1.5,2,,,,2,3,4
Glacier,https://ychhops.com/varieties/glacier,dual-purpose,5,"[u'Fruity', u'Cedar']",4,5.75,7.5,7,8.5,10,13,14.5,16,0.8,0.9,1,0.2,0.25,0.3,8,10.5,13,0.2,0.4,0.6,35,40,45,25,30,35,0.8,0.95,1.1,0,0.5,1
Green Bullet,https://ychhops.com/varieties/green-bullet,dual-purpose,4,"[u'Floral', u'Spicy', u'Fruity', u'Pine']",11,12.5,14,6.5,6.75,7,38,38.5,39,1,1.1,1.2,0,0,0,9.1,9.2,9.3,,,,37,38,39,28.1,28.2,28.3,,,,0,0.5,1
HBC 431 ,https://ychhops.com/varieties/hbc-431,dual-purpose,,"[u'Floral', u'Citrus', u'Spicy', u'Tropical Fruit', u'Fruity', u'Herbal']",14,15,16,4,4.5,5,18,18,18,1.5,1.5,1.5,0.6,0.6,0.6,13,13.5,14,,,,33,35,37,22,24,26,0.5,0.5,0.5,,,
Helga,https://ychhops.com/varieties/helga,dual-purpose,,"[u'Earthy', u'Herbal']",5.4,6.35,7.3,5,6,7,20,21.5,23,0.6,0.8,1,0,0,0,10,12.5,15,,,,1,7,13,35,45,55,0.1,0.35,0.6,0,0.5,1
Horizon,https://ychhops.com/varieties/horizon,dual-purpose,,"[u'Floral', u'Spicy']",8.8,10.4,12,5.5,6.5,7.5,16,17.5,19,0.5,1,1.5,0.1,0.3,0.5,8,11,14,0.6,0.7,0.8,45,50,55,10,15,20,0.9,1.2,1.5,3,4,5
Kohatu,https://ychhops.com/varieties/kohatu,dual-purpose,,[u'Tropical Fruit'],6,6.5,7,4,4.5,5,20,21,22,1,1,1,0,0,0,11.5,11.5,11.5,,,,35,35.5,36,36,36.5,37,,,,0,0.5,1
Loral‰ã¢,https://ychhops.com/varieties/hbc-291,dual-purpose,4.5,"[u'Floral', u'Citrus', u'Fruity', u'Herbal']",11.3,11.75,12.2,4.9,5.1,5.3,21,22.5,24,1.8,2.35,2.9,0.2,0.25,0.3,5,5.35,5.7,0.6,0.65,0.7,52,55,58,17.8,17.85,17.9,1,1.05,1.1,0,0.5,1
Merkur,https://ychhops.com/varieties/merkur,dual-purpose,,"[u'Tropical Fruit', u'Herbal']",12,13,14,4.5,5,5.5,18,19,20,2,2.5,3,0,0,0,8,9,10,,,,45,47.5,50,28,30,32,0.6,0.85,1.1,0,0.5,1
Mt. Rainier,https://ychhops.com/varieties/mt-rainier,dual-purpose,5,"[u'Floral', u'Herbal']",5,6,7,8,9,10,21,22,23,1.5,2,2.5,0.2,0.3,0.4,6,8,10,0.6,0.7,0.8,50,55,60,15,17.5,20,0.6,0.75,0.9,0,0.5,1
Nelson Sauvin,https://ychhops.com/varieties/nelson-sauvin,dual-purpose,4.6,[u'Fruity'],12,12.5,13,6,7,8,23,24,25,1.1,1.1,1.1,0,0,0,10.7,10.7,10.7,,,,22,22.5,23,36.4,36.4,36.4,,,,0,0.5,1
Northdown,https://ychhops.com/varieties/northdown,dual-purpose,2.333,"[u'Floral', u'Spicy', u'Fruity', u'Pine']",7.5,8.5,9.5,5,5.25,5.5,24,27,30,1.5,2,2.5,0,0,0,13,15,17,,,,23,26,29,40,42.5,45,,,,0,0.5,1
Northern Brewer,https://ychhops.com/varieties/northern-brewer,dual-purpose,4.333,"[u'Pine', u'Herbal', u'Cedar']",7,8.5,10,3.5,4.5,5.5,30,32,34,1,1.5,2,0.1,0.15,0.2,11,13,15,0.4,0.55,0.7,35,40,45,27,29,31,0.4,0.6,0.8,0,0.5,1
Northern Brewer,https://ychhops.com/varieties/northern-brewer-1,dual-purpose,5,"[u'Grassy', u'Pine', u'Herbal']",6,8,10,3,4,5,27,29.5,32,1,1.3,1.6,0,0,0,10,15,20,,,,25,35,45,35,42.5,50,0.3,0.55,0.8,0,0.5,1
Opal,https://ychhops.com/varieties/opal,dual-purpose,,"[u'Floral', u'Citrus', u'Spicy', u'Fruity', u'Herbal']",5,6.5,8,3.5,4.5,5.5,13,15,17,0.8,1.05,1.3,0,0,0,8,11.5,15,,,,20,32.5,45,30,40,50,,,,0,0.5,1
Pacific Jade,https://ychhops.com/varieties/pacific-jade,dual-purpose,4.5,"[u'Citrus', u'Spicy', u'Herbal']",12,13,14,7,7.5,8,23,24,25,1.4,1.4,1.4,0,0,0,10.2,10.2,10.2,,,,33,33.5,34,32.9,32.9,32.9,,,,0,0.5,1
Perle,https://ychhops.com/varieties/perle,dual-purpose,,"[u'Floral', u'Spicy']",6,7.5,9,3,3.75,4.5,28,29.5,31,0.8,1.4,2,0.2,0.3,0.4,12,14,16,0.3,0.45,0.6,30,37.5,45,28,31,34,0.3,0.55,0.8,0,0.5,1
Phoenix,https://ychhops.com/varieties/phoenix,dual-purpose,,"[u'Floral', u'Spicy']",8,10,12,3.8,4.15,4.5,,,,1.2,1.85,2.5,0,0,0,11,11,11,,,,24,24,24,30,30,30,,,,1.5,1.5,1.5
Pilgrim,https://ychhops.com/varieties/pilgrim,dual-purpose,4,[u'Fruity'],9,11,13,4.3,4.65,5,36,37,38,1.2,1.8,2.4,0,0,0,7,7.5,8,,,,29,30,31,16.9,17,17.1,,,,0,0.5,1
Pilot,https://ychhops.com/varieties/pilot,dual-purpose,,"[u'Citrus', u'Spicy']",8.5,10,11.5,3.3,4.15,5,32,34.5,37,0.8,1.1,1.4,0,0,0,3,3.5,4,,,,30,33.5,37,3,4.5,6,,,,0,0.5,1
Pioneer,https://ychhops.com/varieties/pioneer,dual-purpose,,"[u'Citrus', u'Herbal']",8.5,9.95,11.4,3.2,4.05,4.9,33,36.5,40,1.5,1.9,2.3,0,0,0,,,,,,,28,35,42,16,20,24,,,,0,0.5,1
Polaris,https://ychhops.com/varieties/polaris,dual-purpose,5,"[u'Tropical Fruit', u'Herbal']",18,20.5,23,4.5,5.25,6,22,25,28,4,4.5,5,0,0,0,8,10.5,13,,,,49,50,51,20,27.5,35,0.1,0.25,0.4,0,0.5,1
Premiant,https://ychhops.com/varieties/premiant,dual-purpose,,[],7,8.5,10,3.5,4.5,5.5,18,20.5,23,1,1.5,2,0,0.05,0.1,9,11,13,0.4,0.55,0.7,30,37.5,45,25,32.5,40,0.4,0.55,0.7,1,2,3
Progress,https://ychhops.com/varieties/progress,dual-purpose,,"[u'Earthy', u'Grassy', u'Fruity', u'Herbal']",6,6.75,7.5,2,2.35,2.7,25,27.5,30,0.5,0.65,0.8,0,0,0,12,13.5,15,,,,24,26,28,40,43.5,47,,,,0,0.5,1
Rakau,https://ychhops.com/varieties/rakau,dual-purpose,3,"[u'Stone Fruit', u'Fruity', u'Pine']",10,10.5,11,5,5.5,6,23,24,25,2.2,2.2,2.2,0,0,0,5.2,5.2,5.2,,,,56,56,56,16.3,16.3,16.3,,,,4.5,4.5,4.5
Simcoeå¨,https://ychhops.com/varieties/simcoe-brand-ycr-14-cv,dual-purpose,4.857,"[u'Earthy', u'Citrus', u'Pine']",11.5,13.25,15,3,3.75,4.5,17,19,21,0.8,2,3.2,0.8,0.8,0.8,8,11,14,0.5,0.75,1,40,45,50,15,17.5,20,0.5,0.7,0.9,0,0.5,1
Smaragd,https://ychhops.com/varieties/smaragd,dual-purpose,,"[u'Floral', u'Spicy']",4,5,6,3.5,4.5,5.5,13,15.5,18,0.4,0.6,0.8,0,0,0,9,11.5,14,,,,20,30,40,30,40,50,,,,0,0.5,1
Sorachi Ace,https://ychhops.com/varieties/sorachi-ace,dual-purpose,3.25,"[u'Citrus', u'Herbal']",11.5,13,14.5,6,6.75,7.5,25,26.5,28,1.5,2.25,3,0.1,0.3,0.5,7,9,11,0.5,0.65,0.8,45,50,55,20,23,26,0.3,0.4,0.5,2,3.5,5
Southern Cross,https://ychhops.com/varieties/southern-cross,dual-purpose,3.667,"[u'Citrus', u'Spicy', u'Tropical Fruit', u'Pine']",11,12.5,14,5,5.5,6,25,26.5,28,1.2,1.2,1.2,0,0,0,6.7,6.7,6.7,,,,31,31.5,32,20.8,20.8,20.8,,,,7.3,7.3,7.3
Sovereign,https://ychhops.com/varieties/sovereign,dual-purpose,,[u'Fruity'],4.5,5.5,6.5,2.1,2.6,3.1,26,28,30,0.6,0.8,1,0,0,0,7.9,8,8.1,,,,,,,,,,,,,3.5,3.6,3.7
Target,https://ychhops.com/varieties/target,dual-purpose,4,"[u'Citrus', u'Spicy']",9.5,11,12.5,4.3,5,5.7,35,37.5,40,1.2,1.3,1.4,0,0,0,8,9,10,,,,45,50,55,17,19.5,22,,,,0,0.5,1
Topaz,https://ychhops.com/varieties/topaz,dual-purpose,,"[u'Grassy', u'Tropical Fruit', u'Pine']",13.7,15.7,17.7,6.4,7.15,7.9,48,48,48,1.7,1.95,2.2,0,0,0,7,10,13,,,,34,45,56,8,10.5,13,,,,0,0.5,1
Waimea,https://ychhops.com/varieties/waimea,dual-purpose,5,"[u'Citrus', u'Pine']",16,17.5,19,7,8,9,22,23,24,2,2.1,2.2,0,0,0,2.5,2.6,2.7,,,,59,60,61,9.4,9.5,9.6,,,,4.9,5,5.1
Wakatu,https://ychhops.com/varieties/wakatu,dual-purpose,5,"[u'Floral', u'Citrus']",6.5,7.5,8.5,8.4,8.5,8.6,28,29,30,0.9,1,1.1,0,0,0,8.1,8.2,8.3,,,,35,35.5,36,16.7,16.8,16.9,,,,6.6,6.7,6.8